person_title,person_url
A. Peter Dewey,https://vi.wikipedia.org/wiki/A._Peter_Dewey
Aaron Swartz,https://vi.wikipedia.org/wiki/Aaron_Swartz
Abdullah Ensour,https://vi.wikipedia.org/wiki/Abdullah_Ensour
Abhijit Banerjee,https://vi.wikipedia.org/wiki/Abhijit_Banerjee
Ada Osakwe,https://vi.wikipedia.org/wiki/Ada_Osakwe
Adam Riess,https://vi.wikipedia.org/wiki/Adam_Riess
Adriana Cisneros,https://vi.wikipedia.org/wiki/Adriana_Cisneros
Agata Passent,https://vi.wikipedia.org/wiki/Agata_Passent
Aharon Barak,https://vi.wikipedia.org/wiki/Aharon_Barak
Ajit Pai,https://vi.wikipedia.org/wiki/Ajit_Pai
Akiva Goldsman,https://vi.wikipedia.org/wiki/Akiva_Goldsman
Alan Greenspan,https://vi.wikipedia.org/wiki/Alan_Greenspan
Alan Krueger,https://vi.wikipedia.org/wiki/Alan_Krueger
Alberto Alesina,https://vi.wikipedia.org/wiki/Alberto_Alesina
Alexander Berzin,https://vi.wikipedia.org/wiki/Alexander_Berzin
Alexander Haig,https://vi.wikipedia.org/wiki/Alexander_Haig
Alexander Hamilton,https://vi.wikipedia.org/wiki/Alexander_Hamilton
Alexander Shulgin,https://vi.wikipedia.org/wiki/Alexander_Shulgin
Alexander Wendt,https://vi.wikipedia.org/wiki/Alexander_Wendt
Alfred G. Gilman,https://vi.wikipedia.org/wiki/Alfred_G._Gilman
Alfred Kinsey,https://vi.wikipedia.org/wiki/Alfred_Kinsey
Alfred Sturtevant,https://vi.wikipedia.org/wiki/Alfred_Sturtevant
Alicia Keys,https://vi.wikipedia.org/wiki/Alicia_Keys
Allan Hendry,https://vi.wikipedia.org/wiki/Allan_Hendry
Allan Lichtman,https://vi.wikipedia.org/wiki/Allan_Lichtman
Allan Spear,https://vi.wikipedia.org/wiki/Allan_Spear
Allen Ginsberg,https://vi.wikipedia.org/wiki/Allen_Ginsberg
Alsarah,https://vi.wikipedia.org/wiki/Alsarah
Alvin E. Roth,https://vi.wikipedia.org/wiki/Alvin_E._Roth
Amanda Labarca,https://vi.wikipedia.org/wiki/Amanda_Labarca
Amanda Nguyễn,https://vi.wikipedia.org/wiki/Amanda_Nguy%E1%BB%85n
Amanda Peet,https://vi.wikipedia.org/wiki/Amanda_Peet
Amemiya Takeshi,https://vi.wikipedia.org/wiki/Amemiya_Takeshi
Aminta Granera,https://vi.wikipedia.org/wiki/Aminta_Granera
Amos Tversky,https://vi.wikipedia.org/wiki/Amos_Tversky
Amy Chua,https://vi.wikipedia.org/wiki/Amy_Chua
Amy Mainzer,https://vi.wikipedia.org/wiki/Amy_Mainzer
An-My Lê,https://vi.wikipedia.org/wiki/An-My_L%C3%AA
Ananda Mahidol,https://vi.wikipedia.org/wiki/Ananda_Mahidol
Anderson Cooper,https://vi.wikipedia.org/wiki/Anderson_Cooper
Andrea M. Ghez,https://vi.wikipedia.org/wiki/Andrea_M._Ghez
Andreas Papandreou,https://vi.wikipedia.org/wiki/Andreas_Papandreou
Andrew Fire,https://vi.wikipedia.org/wiki/Andrew_Fire
Andrew McCollum,https://vi.wikipedia.org/wiki/Andrew_McCollum
André Aciman,https://vi.wikipedia.org/wiki/Andr%C3%A9_Aciman
Anna Christina Nobre,https://vi.wikipedia.org/wiki/Anna_Christina_Nobre
Anna Paquin,https://vi.wikipedia.org/wiki/Anna_Paquin
Anne Applebaum,https://vi.wikipedia.org/wiki/Anne_Applebaum
Anne Henrietta Martin,https://vi.wikipedia.org/wiki/Anne_Henrietta_Martin
Anthony Lake,https://vi.wikipedia.org/wiki/Anthony_Lake
Anthony Perkins,https://vi.wikipedia.org/wiki/Anthony_Perkins
Antonin Scalia,https://vi.wikipedia.org/wiki/Antonin_Scalia
Aravind Adiga,https://vi.wikipedia.org/wiki/Aravind_Adiga
Ariana Austin Makonnen,https://vi.wikipedia.org/wiki/Ariana_Austin_Makonnen
Armen Alchian,https://vi.wikipedia.org/wiki/Armen_Alchian
Arno Allan Penzias,https://vi.wikipedia.org/wiki/Arno_Allan_Penzias
Arnold Zellner,https://vi.wikipedia.org/wiki/Arnold_Zellner
Arora Akanksha,https://vi.wikipedia.org/wiki/Arora_Akanksha
Art Feltman,https://vi.wikipedia.org/wiki/Art_Feltman
Art Garfunkel,https://vi.wikipedia.org/wiki/Art_Garfunkel
Arthur Cronquist,https://vi.wikipedia.org/wiki/Arthur_Cronquist
Arthur Miller,https://vi.wikipedia.org/wiki/Arthur_Miller
Arthur T. Benjamin,https://vi.wikipedia.org/wiki/Arthur_T._Benjamin
Ashraf Ghani,https://vi.wikipedia.org/wiki/Ashraf_Ghani
Ashton Carter,https://vi.wikipedia.org/wiki/Ashton_Carter
Asō Tarō,https://vi.wikipedia.org/wiki/As%C5%8D_Tar%C5%8D
Audre Lorde,https://vi.wikipedia.org/wiki/Audre_Lorde
Augustus Hopkins Strong,https://vi.wikipedia.org/wiki/Augustus_Hopkins_Strong
Auliʻi Cravalho,https://vi.wikipedia.org/wiki/Auli%CA%BBi_Cravalho
Aziza Chaouni,https://vi.wikipedia.org/wiki/Aziza_Chaouni
B. F. Skinner,https://vi.wikipedia.org/wiki/B._F._Skinner
Ban Ki-moon,https://vi.wikipedia.org/wiki/Ban_Ki-moon
Barack Obama,https://vi.wikipedia.org/wiki/Barack_Obama
Barbara Mulwana,https://vi.wikipedia.org/wiki/Barbara_Mulwana
Beekman Winthrop,https://vi.wikipedia.org/wiki/Beekman_Winthrop
Bellamy Young,https://vi.wikipedia.org/wiki/Bellamy_Young
Ben Bernanke,https://vi.wikipedia.org/wiki/Ben_Bernanke
Ben Carson,https://vi.wikipedia.org/wiki/Ben_Carson
Ben Roy Mottelson,https://vi.wikipedia.org/wiki/Ben_Roy_Mottelson
Benazir Bhutto,https://vi.wikipedia.org/wiki/Benazir_Bhutto
Bengt Holmström,https://vi.wikipedia.org/wiki/Bengt_Holmstr%C3%B6m
Benjamin Graham,https://vi.wikipedia.org/wiki/Benjamin_Graham
Benjamin Lee Whorf,https://vi.wikipedia.org/wiki/Benjamin_Lee_Whorf
Benjamin Netanyahu,https://vi.wikipedia.org/wiki/Benjamin_Netanyahu
Benjamin Widom,https://vi.wikipedia.org/wiki/Benjamin_Widom
Bernhard của Oranje-Nassau,https://vi.wikipedia.org/wiki/Bernhard_c%E1%BB%A7a_Oranje-Nassau
Bertil Ohlin,https://vi.wikipedia.org/wiki/Bertil_Ohlin
Bhimrao Ambedkar,https://vi.wikipedia.org/wiki/Bhimrao_Ambedkar
Bill Clinton,https://vi.wikipedia.org/wiki/Bill_Clinton
Bill Condon,https://vi.wikipedia.org/wiki/Bill_Condon
Bill Gates,https://vi.wikipedia.org/wiki/Bill_Gates
Bill Gates Sr.,https://vi.wikipedia.org/wiki/Bill_Gates_Sr.
Binh Danh,https://vi.wikipedia.org/wiki/Binh_Danh
Birendra của Nepal,https://vi.wikipedia.org/wiki/Birendra_c%E1%BB%A7a_Nepal
Bob Dylan,https://vi.wikipedia.org/wiki/Bob_Dylan
Bob Lazar,https://vi.wikipedia.org/wiki/Bob_Lazar
Bob Sternfels,https://vi.wikipedia.org/wiki/Bob_Sternfels
Bob Taft,https://vi.wikipedia.org/wiki/Bob_Taft
Bob Woodward,https://vi.wikipedia.org/wiki/Bob_Woodward
Bradley Cooper,https://vi.wikipedia.org/wiki/Bradley_Cooper
Brandi Rhodes,https://vi.wikipedia.org/wiki/Brandi_Rhodes
Bret Taylor,https://vi.wikipedia.org/wiki/Bret_Taylor
Brett Giroir,https://vi.wikipedia.org/wiki/Brett_Giroir
Brian Coyle,https://vi.wikipedia.org/wiki/Brian_Coyle
Brian P. Schmidt,https://vi.wikipedia.org/wiki/Brian_P._Schmidt
Bruce Henderson,https://vi.wikipedia.org/wiki/Bruce_Henderson
Bruno Maddox,https://vi.wikipedia.org/wiki/Bruno_Maddox
Buckminster Fuller,https://vi.wikipedia.org/wiki/Buckminster_Fuller
Burton Richter,https://vi.wikipedia.org/wiki/Burton_Richter
Buzz Aldrin,https://vi.wikipedia.org/wiki/Buzz_Aldrin
Bích Minh Nguyễn,https://vi.wikipedia.org/wiki/B%C3%ADch_Minh_Nguy%E1%BB%85n
Bùi Mẫn Hân,https://vi.wikipedia.org/wiki/B%C3%B9i_M%E1%BA%ABn_H%C3%A2n
Bùi Thanh Sơn,https://vi.wikipedia.org/wiki/B%C3%B9i_Thanh_S%C6%A1n
Bạc Qua Qua,https://vi.wikipedia.org/wiki/B%E1%BA%A1c_Qua_Qua
Cameron Kerry,https://vi.wikipedia.org/wiki/Cameron_Kerry
Carl DeMaio,https://vi.wikipedia.org/wiki/Carl_DeMaio
Carl Reiner,https://vi.wikipedia.org/wiki/Carl_Reiner
Carl Wieman,https://vi.wikipedia.org/wiki/Carl_Wieman
Carly Fiorina,https://vi.wikipedia.org/wiki/Carly_Fiorina
Carlyle Alan Thayer,https://vi.wikipedia.org/wiki/Carlyle_Alan_Thayer
Caroline Kennedy,https://vi.wikipedia.org/wiki/Caroline_Kennedy
Carolyn R. Bertozzi,https://vi.wikipedia.org/wiki/Carolyn_R._Bertozzi
Carter Bays,https://vi.wikipedia.org/wiki/Carter_Bays
Casey Affleck,https://vi.wikipedia.org/wiki/Casey_Affleck
Cathy O'Neil,https://vi.wikipedia.org/wiki/Cathy_O%27Neil
Chad Trujillo,https://vi.wikipedia.org/wiki/Chad_Trujillo
Chadchart Sittipunt,https://vi.wikipedia.org/wiki/Chadchart_Sittipunt
Charles Bailyn,https://vi.wikipedia.org/wiki/Charles_Bailyn
Charles Berlitz,https://vi.wikipedia.org/wiki/Charles_Berlitz
Charles Brenton Huggins,https://vi.wikipedia.org/wiki/Charles_Brenton_Huggins
Charles Francis Richter,https://vi.wikipedia.org/wiki/Charles_Francis_Richter
Charles Herschel Sisam,https://vi.wikipedia.org/wiki/Charles_Herschel_Sisam
Charles Ives,https://vi.wikipedia.org/wiki/Charles_Ives
Charles J. Pedersen,https://vi.wikipedia.org/wiki/Charles_J._Pedersen
Charles McDermott,https://vi.wikipedia.org/wiki/Charles_McDermott
Charles Sanders Peirce,https://vi.wikipedia.org/wiki/Charles_Sanders_Peirce
Charles William Eliot,https://vi.wikipedia.org/wiki/Charles_William_Eliot
Charles Yanofsky,https://vi.wikipedia.org/wiki/Charles_Yanofsky
Charlie Cheever,https://vi.wikipedia.org/wiki/Charlie_Cheever
Charlton Heston,https://vi.wikipedia.org/wiki/Charlton_Heston
Chelsea Clinton,https://vi.wikipedia.org/wiki/Chelsea_Clinton
Chierika Ukogu,https://vi.wikipedia.org/wiki/Chierika_Ukogu
Chimamanda Ngozi Adichie,https://vi.wikipedia.org/wiki/Chimamanda_Ngozi_Adichie
Chris Clark (chính khách),https://vi.wikipedia.org/wiki/Chris_Clark_%28ch%C3%ADnh_kh%C3%A1ch%29
Chris Cox,https://vi.wikipedia.org/wiki/Chris_Cox
Chris Hughes,https://vi.wikipedia.org/wiki/Chris_Hughes
Chris Kolb,https://vi.wikipedia.org/wiki/Chris_Kolb
"Chris Smith, Nam tước Smith xứ Finsbury",https://vi.wikipedia.org/wiki/Chris_Smith%2C_Nam_t%C6%B0%E1%BB%9Bc_Smith_x%E1%BB%A9_Finsbury
Chris Ward (chính khách Mỹ),https://vi.wikipedia.org/wiki/Chris_Ward_%28ch%C3%ADnh_kh%C3%A1ch_M%E1%BB%B9%29
Christianne Meneses Jacobs,https://vi.wikipedia.org/wiki/Christianne_Meneses_Jacobs
Christina Romer,https://vi.wikipedia.org/wiki/Christina_Romer
Christophe Beck,https://vi.wikipedia.org/wiki/Christophe_Beck
Christopher A. Sims,https://vi.wikipedia.org/wiki/Christopher_A._Sims
Christopher Mellon,https://vi.wikipedia.org/wiki/Christopher_Mellon
Christopher W. Grady,https://vi.wikipedia.org/wiki/Christopher_W._Grady
Christopher Yost,https://vi.wikipedia.org/wiki/Christopher_Yost
Chrystia Freeland,https://vi.wikipedia.org/wiki/Chrystia_Freeland
Chu Tự Tề,https://vi.wikipedia.org/wiki/Chu_T%E1%BB%B1_T%E1%BB%81
Châu Kình Văn,https://vi.wikipedia.org/wiki/Ch%C3%A2u_K%C3%ACnh_V%C4%83n
Clara López Obregón,https://vi.wikipedia.org/wiki/Clara_L%C3%B3pez_Obreg%C3%B3n
Clark Gregg,https://vi.wikipedia.org/wiki/Clark_Gregg
Claude Shannon,https://vi.wikipedia.org/wiki/Claude_Shannon
Cleve Moler,https://vi.wikipedia.org/wiki/Cleve_Moler
"Cleveland Abbe, Jr.",https://vi.wikipedia.org/wiki/Cleveland_Abbe%2C_Jr.
Clifford Geertz,https://vi.wikipedia.org/wiki/Clifford_Geertz
Clinton D. Burdick,https://vi.wikipedia.org/wiki/Clinton_D._Burdick
Clinton Hart Merriam,https://vi.wikipedia.org/wiki/Clinton_Hart_Merriam
Cole Porter,https://vi.wikipedia.org/wiki/Cole_Porter
Conan O'Brien,https://vi.wikipedia.org/wiki/Conan_O%27Brien
Cornell Woolrich,https://vi.wikipedia.org/wiki/Cornell_Woolrich
Craig Hickman,https://vi.wikipedia.org/wiki/Craig_Hickman
Craig Mello,https://vi.wikipedia.org/wiki/Craig_Mello
Craig Thomas,https://vi.wikipedia.org/wiki/Craig_Thomas
Crane Brinton,https://vi.wikipedia.org/wiki/Crane_Brinton
Curtis T. McMullen,https://vi.wikipedia.org/wiki/Curtis_T._McMullen
Cyrus Vance,https://vi.wikipedia.org/wiki/Cyrus_Vance
Damien Chazelle,https://vi.wikipedia.org/wiki/Damien_Chazelle
Dan Mintz,https://vi.wikipedia.org/wiki/Dan_Mintz
Dan Smith,https://vi.wikipedia.org/wiki/Dan_Smith
Dana Delany,https://vi.wikipedia.org/wiki/Dana_Delany
Dani Rodrik,https://vi.wikipedia.org/wiki/Dani_Rodrik
Daniel D. Tompkins,https://vi.wikipedia.org/wiki/Daniel_D._Tompkins
Daniel Ellsberg,https://vi.wikipedia.org/wiki/Daniel_Ellsberg
Daniel Goldhagen,https://vi.wikipedia.org/wiki/Daniel_Goldhagen
Daniel Handler,https://vi.wikipedia.org/wiki/Daniel_Handler
Daniel McFadden,https://vi.wikipedia.org/wiki/Daniel_McFadden
Daniel McKee,https://vi.wikipedia.org/wiki/Daniel_McKee
Daniel Noboa,https://vi.wikipedia.org/wiki/Daniel_Noboa
Daniel Passent,https://vi.wikipedia.org/wiki/Daniel_Passent
Daniel Quillen,https://vi.wikipedia.org/wiki/Daniel_Quillen
Dariia Oleksandrivna Zarivna,https://vi.wikipedia.org/wiki/Dariia_Oleksandrivna_Zarivna
Darren Criss,https://vi.wikipedia.org/wiki/Darren_Criss
David B. Shear,https://vi.wikipedia.org/wiki/David_B._Shear
David Burtka,https://vi.wikipedia.org/wiki/David_Burtka
David Bushnell,https://vi.wikipedia.org/wiki/David_Bushnell
David Campos,https://vi.wikipedia.org/wiki/David_Campos
David Duchovny,https://vi.wikipedia.org/wiki/David_Duchovny
David Eppstein,https://vi.wikipedia.org/wiki/David_Eppstein
David Goss,https://vi.wikipedia.org/wiki/David_Goss
David Gross,https://vi.wikipedia.org/wiki/David_Gross
David Halberstam,https://vi.wikipedia.org/wiki/David_Halberstam
David Heyman,https://vi.wikipedia.org/wiki/David_Heyman
David J. Wineland,https://vi.wikipedia.org/wiki/David_J._Wineland
David Jay,https://vi.wikipedia.org/wiki/David_Jay
David L. Rabinowitz,https://vi.wikipedia.org/wiki/David_L._Rabinowitz
David Lloyd Johnston,https://vi.wikipedia.org/wiki/David_Lloyd_Johnston
David Mumford,https://vi.wikipedia.org/wiki/David_Mumford
David O. Selznick,https://vi.wikipedia.org/wiki/David_O._Selznick
David Paterson,https://vi.wikipedia.org/wiki/David_Paterson
David Petraeus,https://vi.wikipedia.org/wiki/David_Petraeus
David Schwimmer,https://vi.wikipedia.org/wiki/David_Schwimmer
Dean Acheson,https://vi.wikipedia.org/wiki/Dean_Acheson
Denis McDonough,https://vi.wikipedia.org/wiki/Denis_McDonough
Dennis Ritchie,https://vi.wikipedia.org/wiki/Dennis_Ritchie
Dennis Showalter,https://vi.wikipedia.org/wiki/Dennis_Showalter
Deval Patrick,https://vi.wikipedia.org/wiki/Deval_Patrick
Diana Shelstad,https://vi.wikipedia.org/wiki/Diana_Shelstad
Diệp Tuấn Vinh,https://vi.wikipedia.org/wiki/Di%E1%BB%87p_Tu%E1%BA%A5n_Vinh
Donald J. Cram,https://vi.wikipedia.org/wiki/Donald_J._Cram
Donella Meadows,https://vi.wikipedia.org/wiki/Donella_Meadows
Doug Burgum,https://vi.wikipedia.org/wiki/Doug_Burgum
Dudley R. Herschbach,https://vi.wikipedia.org/wiki/Dudley_R._Herschbach
Dustin Moskovitz,https://vi.wikipedia.org/wiki/Dustin_Moskovitz
E. E. Cummings,https://vi.wikipedia.org/wiki/E._E._Cummings
E. L. Doctorow,https://vi.wikipedia.org/wiki/E._L._Doctorow
E. O. Wilson,https://vi.wikipedia.org/wiki/E._O._Wilson
Ed Harris,https://vi.wikipedia.org/wiki/Ed_Harris
Edgar Schein,https://vi.wikipedia.org/wiki/Edgar_Schein
Edmund Heller,https://vi.wikipedia.org/wiki/Edmund_Heller
Edmund Phelps,https://vi.wikipedia.org/wiki/Edmund_Phelps
Eduardo Saverin,https://vi.wikipedia.org/wiki/Eduardo_Saverin
Edward Adelbert Doisy,https://vi.wikipedia.org/wiki/Edward_Adelbert_Doisy
Edward B. Lewis,https://vi.wikipedia.org/wiki/Edward_B._Lewis
Edward Calvin Kendall,https://vi.wikipedia.org/wiki/Edward_Calvin_Kendall
Edward Chamberlin,https://vi.wikipedia.org/wiki/Edward_Chamberlin
Edward Dickinson,https://vi.wikipedia.org/wiki/Edward_Dickinson
Edward Kasner,https://vi.wikipedia.org/wiki/Edward_Kasner
Edward MacDowell,https://vi.wikipedia.org/wiki/Edward_MacDowell
Edward Mills Purcell,https://vi.wikipedia.org/wiki/Edward_Mills_Purcell
Edward Norton,https://vi.wikipedia.org/wiki/Edward_Norton
Edward Said,https://vi.wikipedia.org/wiki/Edward_Said
Edward Thorndike,https://vi.wikipedia.org/wiki/Edward_Thorndike
Ehud Barak,https://vi.wikipedia.org/wiki/Ehud_Barak
Elbridge Durbrow,https://vi.wikipedia.org/wiki/Elbridge_Durbrow
Elbridge Gerry,https://vi.wikipedia.org/wiki/Elbridge_Gerry
Elias James Corey,https://vi.wikipedia.org/wiki/Elias_James_Corey
Eliza Myrie,https://vi.wikipedia.org/wiki/Eliza_Myrie
Ellsworth Huntington,https://vi.wikipedia.org/wiki/Ellsworth_Huntington
Eloísa García Etchegoyhen,https://vi.wikipedia.org/wiki/Elo%C3%ADsa_Garc%C3%ADa_Etchegoyhen
Emanuel Pastreich,https://vi.wikipedia.org/wiki/Emanuel_Pastreich
Emmy Rossum,https://vi.wikipedia.org/wiki/Emmy_Rossum
Ephraim Katzir,https://vi.wikipedia.org/wiki/Ephraim_Katzir
Eric Allin Cornell,https://vi.wikipedia.org/wiki/Eric_Allin_Cornell
Eric Ly,https://vi.wikipedia.org/wiki/Eric_Ly
Eric Maskin,https://vi.wikipedia.org/wiki/Eric_Maskin
Eric Ries,https://vi.wikipedia.org/wiki/Eric_Ries
Eric Trump,https://vi.wikipedia.org/wiki/Eric_Trump
Erich Kunzel,https://vi.wikipedia.org/wiki/Erich_Kunzel
Erich Segal,https://vi.wikipedia.org/wiki/Erich_Segal
Ernest Lawrence,https://vi.wikipedia.org/wiki/Ernest_Lawrence
Ertharin Cousin,https://vi.wikipedia.org/wiki/Ertharin_Cousin
Eva Njenga,https://vi.wikipedia.org/wiki/Eva_Njenga
Evan Spiegel,https://vi.wikipedia.org/wiki/Evan_Spiegel
Fareed Zakaria,https://vi.wikipedia.org/wiki/Fareed_Zakaria
Fayval Williams,https://vi.wikipedia.org/wiki/Fayval_Williams
Federico García Lorca,https://vi.wikipedia.org/wiki/Federico_Garc%C3%ADa_Lorca
Ferdinand Brickwedde,https://vi.wikipedia.org/wiki/Ferdinand_Brickwedde
Fernando J. Corbató,https://vi.wikipedia.org/wiki/Fernando_J._Corbat%C3%B3
Fife Symington,https://vi.wikipedia.org/wiki/Fife_Symington
Fifi Ejindu,https://vi.wikipedia.org/wiki/Fifi_Ejindu
Florence Siebert,https://vi.wikipedia.org/wiki/Florence_Siebert
Frances McDormand,https://vi.wikipedia.org/wiki/Frances_McDormand
Francis Bitter,https://vi.wikipedia.org/wiki/Francis_Bitter
Francis Boott,https://vi.wikipedia.org/wiki/Francis_Boott
Francis Collins,https://vi.wikipedia.org/wiki/Francis_Collins
Francis Fukuyama,https://vi.wikipedia.org/wiki/Francis_Fukuyama
Francis Peyton Rous,https://vi.wikipedia.org/wiki/Francis_Peyton_Rous
Frank Drake,https://vi.wikipedia.org/wiki/Frank_Drake
Frank Gehry,https://vi.wikipedia.org/wiki/Frank_Gehry
Frank Kameny,https://vi.wikipedia.org/wiki/Frank_Kameny
Franklin E. Roach,https://vi.wikipedia.org/wiki/Franklin_E._Roach
Franklin Raines,https://vi.wikipedia.org/wiki/Franklin_Raines
Frannie Léautier,https://vi.wikipedia.org/wiki/Frannie_L%C3%A9autier
François Duvalier,https://vi.wikipedia.org/wiki/Fran%C3%A7ois_Duvalier
Frederic A. Gibbs,https://vi.wikipedia.org/wiki/Frederic_A._Gibbs
Frederick Chapman Robbins,https://vi.wikipedia.org/wiki/Frederick_Chapman_Robbins
Frederick Converse,https://vi.wikipedia.org/wiki/Frederick_Converse
Frederick Nolting,https://vi.wikipedia.org/wiki/Frederick_Nolting
Frederick W. Smith,https://vi.wikipedia.org/wiki/Frederick_W._Smith
Frieda Ekotto,https://vi.wikipedia.org/wiki/Frieda_Ekotto
Gabe Newell,https://vi.wikipedia.org/wiki/Gabe_Newell
Gaiutra Bahadur,https://vi.wikipedia.org/wiki/Gaiutra_Bahadur
Gale Anne Hurd,https://vi.wikipedia.org/wiki/Gale_Anne_Hurd
Garry Marshall,https://vi.wikipedia.org/wiki/Garry_Marshall
Gary Schiff,https://vi.wikipedia.org/wiki/Gary_Schiff
Geoffrey S. Fletcher,https://vi.wikipedia.org/wiki/Geoffrey_S._Fletcher
George Abraham (nhà thơ),https://vi.wikipedia.org/wiki/George_Abraham_%28nh%C3%A0_th%C6%A1%29
George Akerlof,https://vi.wikipedia.org/wiki/George_Akerlof
George Armitage Miller,https://vi.wikipedia.org/wiki/George_Armitage_Miller
George Dantzig,https://vi.wikipedia.org/wiki/George_Dantzig
George Davis Snell,https://vi.wikipedia.org/wiki/George_Davis_Snell
George Gaylord Simpson,https://vi.wikipedia.org/wiki/George_Gaylord_Simpson
George McGovern,https://vi.wikipedia.org/wiki/George_McGovern
George Minot,https://vi.wikipedia.org/wiki/George_Minot
George P. Shultz,https://vi.wikipedia.org/wiki/George_P._Shultz
George Papandreou,https://vi.wikipedia.org/wiki/George_Papandreou
George R. R. Martin,https://vi.wikipedia.org/wiki/George_R._R._Martin
George S. Hammond,https://vi.wikipedia.org/wiki/George_S._Hammond
George Smith (nhà hóa học),https://vi.wikipedia.org/wiki/George_Smith_%28nh%C3%A0_h%C3%B3a_h%E1%BB%8Dc%29
George Stigler,https://vi.wikipedia.org/wiki/George_Stigler
George W. Bush,https://vi.wikipedia.org/wiki/George_W._Bush
George Whipple,https://vi.wikipedia.org/wiki/George_Whipple
Georgina Jiménez de López,https://vi.wikipedia.org/wiki/Georgina_Jim%C3%A9nez_de_L%C3%B3pez
Gerald Ford,https://vi.wikipedia.org/wiki/Gerald_Ford
Gerry Studds,https://vi.wikipedia.org/wiki/Gerry_Studds
Gertrude Stein,https://vi.wikipedia.org/wiki/Gertrude_Stein
Giang Nghi Hoa,https://vi.wikipedia.org/wiki/Giang_Nghi_Hoa
Gideon Yu,https://vi.wikipedia.org/wiki/Gideon_Yu
Gilbert N. Lewis,https://vi.wikipedia.org/wiki/Gilbert_N._Lewis
Gina Raimondo,https://vi.wikipedia.org/wiki/Gina_Raimondo
Ginni Rometty,https://vi.wikipedia.org/wiki/Ginni_Rometty
Glendon Swarthout,https://vi.wikipedia.org/wiki/Glendon_Swarthout
Gloria Macapagal Arroyo,https://vi.wikipedia.org/wiki/Gloria_Macapagal_Arroyo
Gonzalo de Quesada y Aróstegui,https://vi.wikipedia.org/wiki/Gonzalo_de_Quesada_y_Ar%C3%B3stegui
Goodwin Knight,https://vi.wikipedia.org/wiki/Goodwin_Knight
Gordon Woodbury,https://vi.wikipedia.org/wiki/Gordon_Woodbury
Grace Hopper,https://vi.wikipedia.org/wiki/Grace_Hopper
Gray Davis,https://vi.wikipedia.org/wiki/Gray_Davis
Greg Berlanti,https://vi.wikipedia.org/wiki/Greg_Berlanti
Greg Sandow,https://vi.wikipedia.org/wiki/Greg_Sandow
Gregg L. Semenza,https://vi.wikipedia.org/wiki/Gregg_L._Semenza
Gregory Goodwin Pincus,https://vi.wikipedia.org/wiki/Gregory_Goodwin_Pincus
Gregory P. Baxter,https://vi.wikipedia.org/wiki/Gregory_P._Baxter
Habib Essid,https://vi.wikipedia.org/wiki/Habib_Essid
Hamilton O. Smith,https://vi.wikipedia.org/wiki/Hamilton_O._Smith
Han Duck-soo,https://vi.wikipedia.org/wiki/Han_Duck-soo
Harold E. Varmus,https://vi.wikipedia.org/wiki/Harold_E._Varmus
Harold G. Moore,https://vi.wikipedia.org/wiki/Harold_G._Moore
Harold Garfinkel,https://vi.wikipedia.org/wiki/Harold_Garfinkel
Harold Urey,https://vi.wikipedia.org/wiki/Harold_Urey
Harry Eagle,https://vi.wikipedia.org/wiki/Harry_Eagle
Harry Hammond Hess,https://vi.wikipedia.org/wiki/Harry_Hammond_Hess
Harry Nyquist,https://vi.wikipedia.org/wiki/Harry_Nyquist
Harry R. Lewis,https://vi.wikipedia.org/wiki/Harry_R._Lewis
Hatoyama Yukio,https://vi.wikipedia.org/wiki/Hatoyama_Yukio
Heba Amin,https://vi.wikipedia.org/wiki/Heba_Amin
Heisuke Hironaka,https://vi.wikipedia.org/wiki/Heisuke_Hironaka
Helen Brooke Taussig,https://vi.wikipedia.org/wiki/Helen_Brooke_Taussig
Helen Hornbeck Tanner,https://vi.wikipedia.org/wiki/Helen_Hornbeck_Tanner
Hendrik Wade Bode,https://vi.wikipedia.org/wiki/Hendrik_Wade_Bode
Henrique Capriles Radonski,https://vi.wikipedia.org/wiki/Henrique_Capriles_Radonski
Henry Adams,https://vi.wikipedia.org/wiki/Henry_Adams
Henry Cabot Lodge Jr.,https://vi.wikipedia.org/wiki/Henry_Cabot_Lodge_Jr.
Henry David Thoreau,https://vi.wikipedia.org/wiki/Henry_David_Thoreau
Henry Fonda,https://vi.wikipedia.org/wiki/Henry_Fonda
Henry Huntly Haight,https://vi.wikipedia.org/wiki/Henry_Huntly_Haight
Henry Kissinger,https://vi.wikipedia.org/wiki/Henry_Kissinger
Henry Laurence Gantt,https://vi.wikipedia.org/wiki/Henry_Laurence_Gantt
Henry Luce,https://vi.wikipedia.org/wiki/Henry_Luce
Henry Steel Olcott,https://vi.wikipedia.org/wiki/Henry_Steel_Olcott
Herbert A. Hauptman,https://vi.wikipedia.org/wiki/Herbert_A._Hauptman
Herbert Hoover,https://vi.wikipedia.org/wiki/Herbert_Hoover
Herbert Marcuse,https://vi.wikipedia.org/wiki/Herbert_Marcuse
Herbert Spencer Gasser,https://vi.wikipedia.org/wiki/Herbert_Spencer_Gasser
Herman Hollerith,https://vi.wikipedia.org/wiki/Herman_Hollerith
Hermann Joseph Muller,https://vi.wikipedia.org/wiki/Hermann_Joseph_Muller
Hilary Putnam,https://vi.wikipedia.org/wiki/Hilary_Putnam
Horatio Alger,https://vi.wikipedia.org/wiki/Horatio_Alger
Howard Aiken,https://vi.wikipedia.org/wiki/Howard_Aiken
Howard Dean,https://vi.wikipedia.org/wiki/Howard_Dean
Howard Gardner,https://vi.wikipedia.org/wiki/Howard_Gardner
Howard Robert Horvitz,https://vi.wikipedia.org/wiki/Howard_Robert_Horvitz
Hoàng Cấn Du,https://vi.wikipedia.org/wiki/Ho%C3%A0ng_C%E1%BA%A5n_Du
Hoàng Hoán Trung,https://vi.wikipedia.org/wiki/Ho%C3%A0ng_Ho%C3%A1n_Trung
Hoàng Tuần Tài,https://vi.wikipedia.org/wiki/Ho%C3%A0ng_Tu%E1%BA%A7n_T%C3%A0i
Hoàng Vĩ Triết,https://vi.wikipedia.org/wiki/Ho%C3%A0ng_V%C4%A9_Tri%E1%BA%BFt
Hoàng hậu Masako,https://vi.wikipedia.org/wiki/Ho%C3%A0ng_h%E1%BA%ADu_Masako
Hubert Humphrey,https://vi.wikipedia.org/wiki/Hubert_Humphrey
Hugh David Politzer,https://vi.wikipedia.org/wiki/Hugh_David_Politzer
Hugo Barra,https://vi.wikipedia.org/wiki/Hugo_Barra
Hunter Biden,https://vi.wikipedia.org/wiki/Hunter_Biden
Hunter Cantrell,https://vi.wikipedia.org/wiki/Hunter_Cantrell
Huỳnh Sanh Thông,https://vi.wikipedia.org/wiki/Hu%E1%BB%B3nh_Sanh_Th%C3%B4ng
Hà Bỉnh Lệ,https://vi.wikipedia.org/wiki/H%C3%A0_B%E1%BB%89nh_L%E1%BB%87
Hà Huy Thông,https://vi.wikipedia.org/wiki/H%C3%A0_Huy_Th%C3%B4ng
Hà Tinh,https://vi.wikipedia.org/wiki/H%C3%A0_Tinh
Hà Xuân Trừng,https://vi.wikipedia.org/wiki/H%C3%A0_Xu%C3%A2n_Tr%E1%BB%ABng
Hồng Vĩnh Thời,https://vi.wikipedia.org/wiki/H%E1%BB%93ng_V%C4%A9nh_Th%E1%BB%9Di
Ian Goodfellow,https://vi.wikipedia.org/wiki/Ian_Goodfellow
Ieoh Ming Pei,https://vi.wikipedia.org/wiki/Ieoh_Ming_Pei
Indra Nooyi,https://vi.wikipedia.org/wiki/Indra_Nooyi
Ingvar Carlsson,https://vi.wikipedia.org/wiki/Ingvar_Carlsson
Irving Fisher,https://vi.wikipedia.org/wiki/Irving_Fisher
Irving Langmuir,https://vi.wikipedia.org/wiki/Irving_Langmuir
Isadore Singer,https://vi.wikipedia.org/wiki/Isadore_Singer
Isidor Isaac Rabi,https://vi.wikipedia.org/wiki/Isidor_Isaac_Rabi
Issa Rae,https://vi.wikipedia.org/wiki/Issa_Rae
Ivanka Trump,https://vi.wikipedia.org/wiki/Ivanka_Trump
Ivonne Bordelois,https://vi.wikipedia.org/wiki/Ivonne_Bordelois
Iván Duque Márquez,https://vi.wikipedia.org/wiki/Iv%C3%A1n_Duque_M%C3%A1rquez
J. B. Pritzker,https://vi.wikipedia.org/wiki/J._B._Pritzker
J. D. Salinger,https://vi.wikipedia.org/wiki/J._D._Salinger
Jack Canfield,https://vi.wikipedia.org/wiki/Jack_Canfield
Jack Dalrymple,https://vi.wikipedia.org/wiki/Jack_Dalrymple
Jack Kevorkian,https://vi.wikipedia.org/wiki/Jack_Kevorkian
Jack Lew,https://vi.wikipedia.org/wiki/Jack_Lew
Jacob Bigelow,https://vi.wikipedia.org/wiki/Jacob_Bigelow
Jacques Chirac,https://vi.wikipedia.org/wiki/Jacques_Chirac
Jacques Derrida,https://vi.wikipedia.org/wiki/Jacques_Derrida
Jake Gyllenhaal,https://vi.wikipedia.org/wiki/Jake_Gyllenhaal
James Batcheller Sumner,https://vi.wikipedia.org/wiki/James_Batcheller_Sumner
James Cagney,https://vi.wikipedia.org/wiki/James_Cagney
James Chanos,https://vi.wikipedia.org/wiki/James_Chanos
James Craig Watson,https://vi.wikipedia.org/wiki/James_Craig_Watson
James E. McDonald,https://vi.wikipedia.org/wiki/James_E._McDonald
James Francis McIntyre,https://vi.wikipedia.org/wiki/James_Francis_McIntyre
James Franco,https://vi.wikipedia.org/wiki/James_Franco
James Gunn,https://vi.wikipedia.org/wiki/James_Gunn
James McNerney,https://vi.wikipedia.org/wiki/James_McNerney
James R. Schlesinger,https://vi.wikipedia.org/wiki/James_R._Schlesinger
James Rainwater,https://vi.wikipedia.org/wiki/James_Rainwater
James Rosenquist,https://vi.wikipedia.org/wiki/James_Rosenquist
James Rothman,https://vi.wikipedia.org/wiki/James_Rothman
James Tobin,https://vi.wikipedia.org/wiki/James_Tobin
Janet Yellen,https://vi.wikipedia.org/wiki/Janet_Yellen
Jared Diamond,https://vi.wikipedia.org/wiki/Jared_Diamond
Jared Kushner,https://vi.wikipedia.org/wiki/Jared_Kushner
Jay Carney,https://vi.wikipedia.org/wiki/Jay_Carney
Jean Tatlock,https://vi.wikipedia.org/wiki/Jean_Tatlock
Jean Tirole,https://vi.wikipedia.org/wiki/Jean_Tirole
Jedediah Purdy,https://vi.wikipedia.org/wiki/Jedediah_Purdy
Jeff Cheeger,https://vi.wikipedia.org/wiki/Jeff_Cheeger
Jen Taylor,https://vi.wikipedia.org/wiki/Jen_Taylor
Jennifer A. Lewis,https://vi.wikipedia.org/wiki/Jennifer_A._Lewis
Jennifer Beals,https://vi.wikipedia.org/wiki/Jennifer_Beals
Jennifer Connelly,https://vi.wikipedia.org/wiki/Jennifer_Connelly
Jennifer Jones,https://vi.wikipedia.org/wiki/Jennifer_Jones
Jennifer Tour Chayes,https://vi.wikipedia.org/wiki/Jennifer_Tour_Chayes
Jenny Slate,https://vi.wikipedia.org/wiki/Jenny_Slate
Jensen Huang,https://vi.wikipedia.org/wiki/Jensen_Huang
Jeremy Strong (diễn viên),https://vi.wikipedia.org/wiki/Jeremy_Strong_%28di%E1%BB%85n_vi%C3%AAn%29
Jerome Karle,https://vi.wikipedia.org/wiki/Jerome_Karle
Jerome Powell,https://vi.wikipedia.org/wiki/Jerome_Powell
Jerry DeGrieck,https://vi.wikipedia.org/wiki/Jerry_DeGrieck
Jerry Yang,https://vi.wikipedia.org/wiki/Jerry_Yang
Jessalyn Gilsig,https://vi.wikipedia.org/wiki/Jessalyn_Gilsig
Jesse Douglas,https://vi.wikipedia.org/wiki/Jesse_Douglas
Jessica Lange,https://vi.wikipedia.org/wiki/Jessica_Lange
Jim Breyer,https://vi.wikipedia.org/wiki/Jim_Breyer
Jim Kolbe,https://vi.wikipedia.org/wiki/Jim_Kolbe
Jim McGreevey,https://vi.wikipedia.org/wiki/Jim_McGreevey
Jina Valentine,https://vi.wikipedia.org/wiki/Jina_Valentine
Jioji Konrote,https://vi.wikipedia.org/wiki/Jioji_Konrote
Joan Birman,https://vi.wikipedia.org/wiki/Joan_Birman
Joan Rivers,https://vi.wikipedia.org/wiki/Joan_Rivers
Jodie Foster,https://vi.wikipedia.org/wiki/Jodie_Foster
Joel Asaph Allen,https://vi.wikipedia.org/wiki/Joel_Asaph_Allen
John Adams,https://vi.wikipedia.org/wiki/John_Adams
John Archibald Wheeler,https://vi.wikipedia.org/wiki/John_Archibald_Wheeler
John B. Goodenough,https://vi.wikipedia.org/wiki/John_B._Goodenough
John B. Taylor,https://vi.wikipedia.org/wiki/John_B._Taylor
John C. Malone,https://vi.wikipedia.org/wiki/John_C._Malone
John Charles Fields,https://vi.wikipedia.org/wiki/John_Charles_Fields
John DeFrancis,https://vi.wikipedia.org/wiki/John_DeFrancis
John Dewey,https://vi.wikipedia.org/wiki/John_Dewey
John Dos Passos,https://vi.wikipedia.org/wiki/John_Dos_Passos
John F. Kennedy,https://vi.wikipedia.org/wiki/John_F._Kennedy
John Franklin Enders,https://vi.wikipedia.org/wiki/John_Franklin_Enders
John Griggs Thompson,https://vi.wikipedia.org/wiki/John_Griggs_Thompson
John Gunther Dean,https://vi.wikipedia.org/wiki/John_Gunther_Dean
John Hancock,https://vi.wikipedia.org/wiki/John_Hancock
John Harsanyi,https://vi.wikipedia.org/wiki/John_Harsanyi
John Hasbrouck Van Vleck,https://vi.wikipedia.org/wiki/John_Hasbrouck_Van_Vleck
John Hickenlooper,https://vi.wikipedia.org/wiki/John_Hickenlooper
John Hiram Lathrop,https://vi.wikipedia.org/wiki/John_Hiram_Lathrop
John Howard Northrop,https://vi.wikipedia.org/wiki/John_Howard_Northrop
John J. Loud,https://vi.wikipedia.org/wiki/John_J._Loud
John Jacob Astor III,https://vi.wikipedia.org/wiki/John_Jacob_Astor_III
John Jay,https://vi.wikipedia.org/wiki/John_Jay
John Kerry,https://vi.wikipedia.org/wiki/John_Kerry
John Lipsky,https://vi.wikipedia.org/wiki/John_Lipsky
John Mulaney,https://vi.wikipedia.org/wiki/John_Mulaney
John Nelson (họa sĩ hiệu ứng hình ảnh),https://vi.wikipedia.org/wiki/John_Nelson_%28h%E1%BB%8Da_s%C4%A9_hi%E1%BB%87u_%E1%BB%A9ng_h%C3%ACnh_%E1%BA%A3nh%29
John Pham (nhà khoa học),https://vi.wikipedia.org/wiki/John_Pham_%28nh%C3%A0_khoa_h%E1%BB%8Dc%29
John Quincy Adams,https://vi.wikipedia.org/wiki/John_Quincy_Adams
John Reed (nhà báo),https://vi.wikipedia.org/wiki/John_Reed_%28nh%C3%A0_b%C3%A1o%29
John Schrieffer,https://vi.wikipedia.org/wiki/John_Schrieffer
"John Seigenthaler, Sr.",https://vi.wikipedia.org/wiki/John_Seigenthaler%2C_Sr.
John Steinbeck,https://vi.wikipedia.org/wiki/John_Steinbeck
John Tate,https://vi.wikipedia.org/wiki/John_Tate
John Tileston Edsall,https://vi.wikipedia.org/wiki/John_Tileston_Edsall
John Updike,https://vi.wikipedia.org/wiki/John_Updike
John Zubek,https://vi.wikipedia.org/wiki/John_Zubek
Jon Caramanica,https://vi.wikipedia.org/wiki/Jon_Caramanica
Jon Ossoff,https://vi.wikipedia.org/wiki/Jon_Ossoff
Jonas Salk,https://vi.wikipedia.org/wiki/Jonas_Salk
Jonathan Edwards,https://vi.wikipedia.org/wiki/Jonathan_Edwards
Jonathan Nolan,https://vi.wikipedia.org/wiki/Jonathan_Nolan
Jordana Brewster,https://vi.wikipedia.org/wiki/Jordana_Brewster
Joseph Dunford,https://vi.wikipedia.org/wiki/Joseph_Dunford
"Joseph Hooton Taylor, Jr.",https://vi.wikipedia.org/wiki/Joseph_Hooton_Taylor%2C_Jr.
Joseph Kosinski,https://vi.wikipedia.org/wiki/Joseph_Kosinski
Joseph L. Mankiewicz,https://vi.wikipedia.org/wiki/Joseph_L._Mankiewicz
Joseph M. Juran,https://vi.wikipedia.org/wiki/Joseph_M._Juran
Joseph Nye,https://vi.wikipedia.org/wiki/Joseph_Nye
Joseph Stiglitz,https://vi.wikipedia.org/wiki/Joseph_Stiglitz
Joseph Zubin,https://vi.wikipedia.org/wiki/Joseph_Zubin
Josiah Willard Gibbs,https://vi.wikipedia.org/wiki/Josiah_Willard_Gibbs
Joss Whedon,https://vi.wikipedia.org/wiki/Joss_Whedon
José Manuel Barroso,https://vi.wikipedia.org/wiki/Jos%C3%A9_Manuel_Barroso
Juan Bautista Sacasa,https://vi.wikipedia.org/wiki/Juan_Bautista_Sacasa
Juan Trippe,https://vi.wikipedia.org/wiki/Juan_Trippe
Judith Butler,https://vi.wikipedia.org/wiki/Judith_Butler
Julia Louis-Dreyfus,https://vi.wikipedia.org/wiki/Julia_Louis-Dreyfus
Julian Schwinger,https://vi.wikipedia.org/wiki/Julian_Schwinger
Jumoke Oduwole,https://vi.wikipedia.org/wiki/Jumoke_Oduwole
June Huh,https://vi.wikipedia.org/wiki/June_Huh
Kamal Ganzouri,https://vi.wikipedia.org/wiki/Kamal_Ganzouri
Kamikawa Yōko,https://vi.wikipedia.org/wiki/Kamikawa_Y%C5%8Dko
Karen Olsen Beck,https://vi.wikipedia.org/wiki/Karen_Olsen_Beck
Karen Uhlenbeck,https://vi.wikipedia.org/wiki/Karen_Uhlenbeck
Karl Barry Sharpless,https://vi.wikipedia.org/wiki/Karl_Barry_Sharpless
Karl Maramorosch,https://vi.wikipedia.org/wiki/Karl_Maramorosch
Kate McKinnon,https://vi.wikipedia.org/wiki/Kate_McKinnon
Katie Higgins Cook,https://vi.wikipedia.org/wiki/Katie_Higgins_Cook
Kehinde Wiley,https://vi.wikipedia.org/wiki/Kehinde_Wiley
Kellie Magnus,https://vi.wikipedia.org/wiki/Kellie_Magnus
Ken Yeager,https://vi.wikipedia.org/wiki/Ken_Yeager
Kendra Pierre-Louis,https://vi.wikipedia.org/wiki/Kendra_Pierre-Louis
Kenichi Ohmae,https://vi.wikipedia.org/wiki/Kenichi_Ohmae
Kenneth Arnold,https://vi.wikipedia.org/wiki/Kenneth_Arnold
Kenneth Arrow,https://vi.wikipedia.org/wiki/Kenneth_Arrow
Kenneth G. Wilson,https://vi.wikipedia.org/wiki/Kenneth_G._Wilson
Kevin A. Lynch,https://vi.wikipedia.org/wiki/Kevin_A._Lynch
Kevin Systrom,https://vi.wikipedia.org/wiki/Kevin_Systrom
Kim Dong-yeon,https://vi.wikipedia.org/wiki/Kim_Dong-yeon
Kirstjen Nielsen,https://vi.wikipedia.org/wiki/Kirstjen_Nielsen
Kobayashi Takayuki,https://vi.wikipedia.org/wiki/Kobayashi_Takayuki
Koizumi Shinjirō,https://vi.wikipedia.org/wiki/Koizumi_Shinjir%C5%8D
Komura Jutarō,https://vi.wikipedia.org/wiki/Komura_Jutar%C5%8D
Konrad Emil Bloch,https://vi.wikipedia.org/wiki/Konrad_Emil_Bloch
Konrad Lorenz,https://vi.wikipedia.org/wiki/Konrad_Lorenz
Kristen Schaal,https://vi.wikipedia.org/wiki/Kristen_Schaal
Kyriakos Mitsotakis,https://vi.wikipedia.org/wiki/Kyriakos_Mitsotakis
Kōno Tarō,https://vi.wikipedia.org/wiki/K%C5%8Dno_Tar%C5%8D
L. Rafael Reif,https://vi.wikipedia.org/wiki/L._Rafael_Reif
Lamberto Dini,https://vi.wikipedia.org/wiki/Lamberto_Dini
Lan Cao,https://vi.wikipedia.org/wiki/Lan_Cao
Langdon Warner,https://vi.wikipedia.org/wiki/Langdon_Warner
Langston Hughes,https://vi.wikipedia.org/wiki/Langston_Hughes
Larry Diamond,https://vi.wikipedia.org/wiki/Larry_Diamond
Larry Page,https://vi.wikipedia.org/wiki/Larry_Page
Larry Tesler,https://vi.wikipedia.org/wiki/Larry_Tesler
Lars Onsager,https://vi.wikipedia.org/wiki/Lars_Onsager
Lars Peter Hansen,https://vi.wikipedia.org/wiki/Lars_Peter_Hansen
Laura Catena,https://vi.wikipedia.org/wiki/Laura_Catena
Laura Chinchilla,https://vi.wikipedia.org/wiki/Laura_Chinchilla
Laura Linney,https://vi.wikipedia.org/wiki/Laura_Linney
Laura Tyson,https://vi.wikipedia.org/wiki/Laura_Tyson
Laurie Holden,https://vi.wikipedia.org/wiki/Laurie_Holden
Lawrence Klein,https://vi.wikipedia.org/wiki/Lawrence_Klein
Lawrence Summers,https://vi.wikipedia.org/wiki/Lawrence_Summers
Leland H. Hartwell,https://vi.wikipedia.org/wiki/Leland_H._Hartwell
Leonard Bernstein,https://vi.wikipedia.org/wiki/Leonard_Bernstein
Leonard Peter Schultz,https://vi.wikipedia.org/wiki/Leonard_Peter_Schultz
Leonid Hurwicz,https://vi.wikipedia.org/wiki/Leonid_Hurwicz
Lester R. Ford,https://vi.wikipedia.org/wiki/Lester_R._Ford
Levi Woodbury,https://vi.wikipedia.org/wiki/Levi_Woodbury
Liev Schreiber,https://vi.wikipedia.org/wiki/Liev_Schreiber
Lila Downs,https://vi.wikipedia.org/wiki/Lila_Downs
Lin Shaye,https://vi.wikipedia.org/wiki/Lin_Shaye
Lin-Manuel Miranda,https://vi.wikipedia.org/wiki/Lin-Manuel_Miranda
Lincoln LaPaz,https://vi.wikipedia.org/wiki/Lincoln_LaPaz
Linda B. Buck,https://vi.wikipedia.org/wiki/Linda_B._Buck
Linda Moulton Howe,https://vi.wikipedia.org/wiki/Linda_Moulton_Howe
Lisa Murkowski,https://vi.wikipedia.org/wiki/Lisa_Murkowski
Lisa Randall,https://vi.wikipedia.org/wiki/Lisa_Randall
Liz Murray,https://vi.wikipedia.org/wiki/Liz_Murray
Liza Weil,https://vi.wikipedia.org/wiki/Liza_Weil
Lloyd Berkner,https://vi.wikipedia.org/wiki/Lloyd_Berkner
Lloyd Shapley,https://vi.wikipedia.org/wiki/Lloyd_Shapley
Lotfi A. Zadeh,https://vi.wikipedia.org/wiki/Lotfi_A._Zadeh
Lucas Papademos,https://vi.wikipedia.org/wiki/Lucas_Papademos
Luis Guillermo Solís,https://vi.wikipedia.org/wiki/Luis_Guillermo_Sol%C3%ADs
Luna Leopold,https://vi.wikipedia.org/wiki/Luna_Leopold
Lynja,https://vi.wikipedia.org/wiki/Lynja
Lâm Huy Nhân,https://vi.wikipedia.org/wiki/L%C3%A2m_Huy_Nh%C3%A2n
Lâm Ngữ Đường,https://vi.wikipedia.org/wiki/L%C3%A2m_Ng%E1%BB%AF_%C4%90%C6%B0%E1%BB%9Dng
Léon H. Dupriez,https://vi.wikipedia.org/wiki/L%C3%A9on_H._Dupriez
Lý Bảo Đông,https://vi.wikipedia.org/wiki/L%C3%BD_B%E1%BA%A3o_%C4%90%C3%B4ng
Lý Hiển Dương,https://vi.wikipedia.org/wiki/L%C3%BD_Hi%E1%BB%83n_D%C6%B0%C6%A1ng
Lý Lệ Phúc,https://vi.wikipedia.org/wiki/L%C3%BD_L%E1%BB%87_Ph%C3%BAc
Lý Thừa Vãn,https://vi.wikipedia.org/wiki/L%C3%BD_Th%E1%BB%ABa_V%C3%A3n
Lý Tiểu Đông,https://vi.wikipedia.org/wiki/L%C3%BD_Ti%E1%BB%83u_%C4%90%C3%B4ng
Lý Trị Học,https://vi.wikipedia.org/wiki/L%C3%BD_Tr%E1%BB%8B_H%E1%BB%8Dc
Lưu Cường Đông,https://vi.wikipedia.org/wiki/L%C6%B0u_C%C6%B0%E1%BB%9Dng_%C4%90%C3%B4ng
Lương Nhị Kỳ,https://vi.wikipedia.org/wiki/L%C6%B0%C6%A1ng_Nh%E1%BB%8B_K%E1%BB%B3
Machimura Nobutaka,https://vi.wikipedia.org/wiki/Machimura_Nobutaka
Madeleine K. Albright,https://vi.wikipedia.org/wiki/Madeleine_K._Albright
Maggie Gyllenhaal,https://vi.wikipedia.org/wiki/Maggie_Gyllenhaal
Mahbub ul Haq,https://vi.wikipedia.org/wiki/Mahbub_ul_Haq
Maki Fumihiko,https://vi.wikipedia.org/wiki/Maki_Fumihiko
Manjul Bhargava,https://vi.wikipedia.org/wiki/Manjul_Bhargava
Manuel Cardona,https://vi.wikipedia.org/wiki/Manuel_Cardona
Mao Trị Quốc,https://vi.wikipedia.org/wiki/Mao_Tr%E1%BB%8B_Qu%E1%BB%91c
Marc Kirschner,https://vi.wikipedia.org/wiki/Marc_Kirschner
Marc Mezvinsky,https://vi.wikipedia.org/wiki/Marc_Mezvinsky
Marc Wright,https://vi.wikipedia.org/wiki/Marc_Wright
Margaret A. Dix,https://vi.wikipedia.org/wiki/Margaret_A._Dix
Margaret Atwood,https://vi.wikipedia.org/wiki/Margaret_Atwood
Margaret Mead,https://vi.wikipedia.org/wiki/Margaret_Mead
Marie Colvin,https://vi.wikipedia.org/wiki/Marie_Colvin
Mario Capecchi,https://vi.wikipedia.org/wiki/Mario_Capecchi
Mario Draghi,https://vi.wikipedia.org/wiki/Mario_Draghi
Mario Monti,https://vi.wikipedia.org/wiki/Mario_Monti
Marisol Argueta de Barillas,https://vi.wikipedia.org/wiki/Marisol_Argueta_de_Barillas
Marissa Mayer,https://vi.wikipedia.org/wiki/Marissa_Mayer
Mark Bomback,https://vi.wikipedia.org/wiki/Mark_Bomback
Mark Dayton,https://vi.wikipedia.org/wiki/Mark_Dayton
Mark Levine (chính khách Virginia),https://vi.wikipedia.org/wiki/Mark_Levine_%28ch%C3%ADnh_kh%C3%A1ch_Virginia%29
Mark Moyar,https://vi.wikipedia.org/wiki/Mark_Moyar
Mark Takano,https://vi.wikipedia.org/wiki/Mark_Takano
Mark Zuckerberg,https://vi.wikipedia.org/wiki/Mark_Zuckerberg
Marko Liias,https://vi.wikipedia.org/wiki/Marko_Liias
Marshall Brement,https://vi.wikipedia.org/wiki/Marshall_Brement
Marshall Harvey Stone,https://vi.wikipedia.org/wiki/Marshall_Harvey_Stone
Marston Morse,https://vi.wikipedia.org/wiki/Marston_Morse
Martin Chalfie,https://vi.wikipedia.org/wiki/Martin_Chalfie
Martin Karplus,https://vi.wikipedia.org/wiki/Martin_Karplus
Martin Lewis Perl,https://vi.wikipedia.org/wiki/Martin_Lewis_Perl
Martin Rodbell,https://vi.wikipedia.org/wiki/Martin_Rodbell
Marvin Minsky,https://vi.wikipedia.org/wiki/Marvin_Minsky
Maryam Mirzakhani,https://vi.wikipedia.org/wiki/Maryam_Mirzakhani
María Eugenia Estenssoro,https://vi.wikipedia.org/wiki/Mar%C3%ADa_Eugenia_Estenssoro
Matt Cohler,https://vi.wikipedia.org/wiki/Matt_Cohler
Matt Damon,https://vi.wikipedia.org/wiki/Matt_Damon
Matthew Fox,https://vi.wikipedia.org/wiki/Matthew_Fox
Maya Harris,https://vi.wikipedia.org/wiki/Maya_Harris
Maya Lin,https://vi.wikipedia.org/wiki/Maya_Lin
"Meghan Markle, Công tước phu nhân xứ Sussex",https://vi.wikipedia.org/wiki/Meghan_Markle%2C_C%C3%B4ng_t%C6%B0%E1%BB%9Bc_phu_nh%C3%A2n_x%E1%BB%A9_Sussex
Meklit Hadero,https://vi.wikipedia.org/wiki/Meklit_Hadero
Melvin Calvin,https://vi.wikipedia.org/wiki/Melvin_Calvin
Melvin L. Morse,https://vi.wikipedia.org/wiki/Melvin_L._Morse
Melvin Schwartz,https://vi.wikipedia.org/wiki/Melvin_Schwartz
Mercedes Marcó del Pont,https://vi.wikipedia.org/wiki/Mercedes_Marc%C3%B3_del_Pont
Merle Collins,https://vi.wikipedia.org/wiki/Merle_Collins
Merton Miller,https://vi.wikipedia.org/wiki/Merton_Miller
Micah Altman,https://vi.wikipedia.org/wiki/Micah_Altman
Michael Bay,https://vi.wikipedia.org/wiki/Michael_Bay
Michael Bloomberg,https://vi.wikipedia.org/wiki/Michael_Bloomberg
Michael Dertouzos,https://vi.wikipedia.org/wiki/Michael_Dertouzos
Michael Graves,https://vi.wikipedia.org/wiki/Michael_Graves
Michael Parenti,https://vi.wikipedia.org/wiki/Michael_Parenti
Michael Rosbash,https://vi.wikipedia.org/wiki/Michael_Rosbash
Michael S. Hopkins,https://vi.wikipedia.org/wiki/Michael_S._Hopkins
Michael Spence,https://vi.wikipedia.org/wiki/Michael_Spence
Michael Walzer,https://vi.wikipedia.org/wiki/Michael_Walzer
Michael Woodford,https://vi.wikipedia.org/wiki/Michael_Woodford
Michio Kaku,https://vi.wikipedia.org/wiki/Michio_Kaku
Mike Krieger,https://vi.wikipedia.org/wiki/Mike_Krieger
Mike Muuss,https://vi.wikipedia.org/wiki/Mike_Muuss
Mike Schroepfer,https://vi.wikipedia.org/wiki/Mike_Schroepfer
Mikheil Saakashvili,https://vi.wikipedia.org/wiki/Mikheil_Saakashvili
Mildred Cohn,https://vi.wikipedia.org/wiki/Mildred_Cohn
Milton Friedman,https://vi.wikipedia.org/wiki/Milton_Friedman
Mira Sorvino,https://vi.wikipedia.org/wiki/Mira_Sorvino
Miron Zuckerman,https://vi.wikipedia.org/wiki/Miron_Zuckerman
Mitt Romney,https://vi.wikipedia.org/wiki/Mitt_Romney
Mondaire Jones,https://vi.wikipedia.org/wiki/Mondaire_Jones
Morris Swadesh,https://vi.wikipedia.org/wiki/Morris_Swadesh
Mphu Ramatlapeng,https://vi.wikipedia.org/wiki/Mphu_Ramatlapeng
Mukesh Ambani,https://vi.wikipedia.org/wiki/Mukesh_Ambani
Murray Gell-Mann,https://vi.wikipedia.org/wiki/Murray_Gell-Mann
Mã Hữu Hữu,https://vi.wikipedia.org/wiki/M%C3%A3_H%E1%BB%AFu_H%E1%BB%AFu
N. Gregory Mankiw,https://vi.wikipedia.org/wiki/N._Gregory_Mankiw
Namwali Serpell,https://vi.wikipedia.org/wiki/Namwali_Serpell
Nancy Cárdenas,https://vi.wikipedia.org/wiki/Nancy_C%C3%A1rdenas
Nancy Onyango,https://vi.wikipedia.org/wiki/Nancy_Onyango
Nas Daily,https://vi.wikipedia.org/wiki/Nas_Daily
Nat Sakdatorn,https://vi.wikipedia.org/wiki/Nat_Sakdatorn
Natalie Portman,https://vi.wikipedia.org/wiki/Natalie_Portman
Nathan Ames,https://vi.wikipedia.org/wiki/Nathan_Ames
Ned Lamont,https://vi.wikipedia.org/wiki/Ned_Lamont
Neil Armstrong,https://vi.wikipedia.org/wiki/Neil_Armstrong
Neil Burger,https://vi.wikipedia.org/wiki/Neil_Burger
Neil Gorsuch,https://vi.wikipedia.org/wiki/Neil_Gorsuch
Neil Smelser,https://vi.wikipedia.org/wiki/Neil_Smelser
Neil deGrasse Tyson,https://vi.wikipedia.org/wiki/Neil_deGrasse_Tyson
Ngozi Okonjo-Iweala,https://vi.wikipedia.org/wiki/Ngozi_Okonjo-Iweala
Nguyễn Kim Mai Thi,https://vi.wikipedia.org/wiki/Nguy%E1%BB%85n_Kim_Mai_Thi
Nguyễn Thiện Nhân,https://vi.wikipedia.org/wiki/Nguy%E1%BB%85n_Thi%E1%BB%87n_Nh%C3%A2n
Nguyễn Xuân Oánh,https://vi.wikipedia.org/wiki/Nguy%E1%BB%85n_Xu%C3%A2n_O%C3%A1nh
Nguyễn Đức Cường (bộ trưởng),https://vi.wikipedia.org/wiki/Nguy%E1%BB%85n_%C4%90%E1%BB%A9c_C%C6%B0%E1%BB%9Dng_%28b%E1%BB%99_tr%C6%B0%E1%BB%9Fng%29
Ngô Trọng Hoa,https://vi.wikipedia.org/wiki/Ng%C3%B4_Tr%E1%BB%8Dng_Hoa
Ngô Vĩnh Long,https://vi.wikipedia.org/wiki/Ng%C3%B4_V%C4%A9nh_Long
Nhiệm Tân Dân,https://vi.wikipedia.org/wiki/Nhi%E1%BB%87m_T%C3%A2n_D%C3%A2n
Nick Kroll,https://vi.wikipedia.org/wiki/Nick_Kroll
Nicolaas Bloembergen,https://vi.wikipedia.org/wiki/Nicolaas_Bloembergen
Niklas Zennström,https://vi.wikipedia.org/wiki/Niklas_Zennstr%C3%B6m
Noah Webster,https://vi.wikipedia.org/wiki/Noah_Webster
Noam Elkies,https://vi.wikipedia.org/wiki/Noam_Elkies
Nora Schimming-Chase,https://vi.wikipedia.org/wiki/Nora_Schimming-Chase
Norbert Wiener,https://vi.wikipedia.org/wiki/Norbert_Wiener
Norman Borlaug,https://vi.wikipedia.org/wiki/Norman_Borlaug
"Norman Foster Ramsey, Jr.",https://vi.wikipedia.org/wiki/Norman_Foster_Ramsey%2C_Jr.
Norman Levinson,https://vi.wikipedia.org/wiki/Norman_Levinson
Norman Naimark,https://vi.wikipedia.org/wiki/Norman_Naimark
Oda Makoto (tiểu thuyết gia),https://vi.wikipedia.org/wiki/Oda_Makoto_%28ti%E1%BB%83u_thuy%E1%BA%BFt_gia%29
Ogden Nash,https://vi.wikipedia.org/wiki/Ogden_Nash
Oliver E. Williamson,https://vi.wikipedia.org/wiki/Oliver_E._Williamson
Oliver Stone,https://vi.wikipedia.org/wiki/Oliver_Stone
Oliver Wolcott Jr.,https://vi.wikipedia.org/wiki/Oliver_Wolcott_Jr.
Ong Keng Yong,https://vi.wikipedia.org/wiki/Ong_Keng_Yong
Or Vandine,https://vi.wikipedia.org/wiki/Or_Vandine
Oswald Veblen,https://vi.wikipedia.org/wiki/Oswald_Veblen
Pansy Tlakula,https://vi.wikipedia.org/wiki/Pansy_Tlakula
Patricia Neal,https://vi.wikipedia.org/wiki/Patricia_Neal
Patrick Joseph McGovern,https://vi.wikipedia.org/wiki/Patrick_Joseph_McGovern
Patrick Shanahan,https://vi.wikipedia.org/wiki/Patrick_Shanahan
Paul A. Baran,https://vi.wikipedia.org/wiki/Paul_A._Baran
Paul Auster,https://vi.wikipedia.org/wiki/Paul_Auster
Paul Doughty Bartlett,https://vi.wikipedia.org/wiki/Paul_Doughty_Bartlett
Paul F. Hoffman,https://vi.wikipedia.org/wiki/Paul_F._Hoffman
Paul Kalanithi,https://vi.wikipedia.org/wiki/Paul_Kalanithi
Paul Krugman,https://vi.wikipedia.org/wiki/Paul_Krugman
Paul L. Modrich,https://vi.wikipedia.org/wiki/Paul_L._Modrich
Paul Milgrom,https://vi.wikipedia.org/wiki/Paul_Milgrom
Paul Samuelson,https://vi.wikipedia.org/wiki/Paul_Samuelson
Paul Werbos,https://vi.wikipedia.org/wiki/Paul_Werbos
Percival Lowell,https://vi.wikipedia.org/wiki/Percival_Lowell
Percy Williams Bridgman,https://vi.wikipedia.org/wiki/Percy_Williams_Bridgman
Perla Farías,https://vi.wikipedia.org/wiki/Perla_Far%C3%ADas
Pete Docter,https://vi.wikipedia.org/wiki/Pete_Docter
Pete Seeger,https://vi.wikipedia.org/wiki/Pete_Seeger
Pete Wilson,https://vi.wikipedia.org/wiki/Pete_Wilson
Peter A. Diamond,https://vi.wikipedia.org/wiki/Peter_A._Diamond
Peter Agre,https://vi.wikipedia.org/wiki/Peter_Agre
Peter Chen,https://vi.wikipedia.org/wiki/Peter_Chen
Peter Mutharika,https://vi.wikipedia.org/wiki/Peter_Mutharika
Peter Navarro,https://vi.wikipedia.org/wiki/Peter_Navarro
Peter R. Kann,https://vi.wikipedia.org/wiki/Peter_R._Kann
Peter Thiel,https://vi.wikipedia.org/wiki/Peter_Thiel
Peter W. Galbraith,https://vi.wikipedia.org/wiki/Peter_W._Galbraith
Phan Quang Đán,https://vi.wikipedia.org/wiki/Phan_Quang_%C4%90%C3%A1n
Phil Knight,https://vi.wikipedia.org/wiki/Phil_Knight
Phil Murphy,https://vi.wikipedia.org/wiki/Phil_Murphy
Philip Johnson,https://vi.wikipedia.org/wiki/Philip_Johnson
Philip Kotler,https://vi.wikipedia.org/wiki/Philip_Kotler
Philip Warren Anderson,https://vi.wikipedia.org/wiki/Philip_Warren_Anderson
Philippe của Bỉ,https://vi.wikipedia.org/wiki/Philippe_c%E1%BB%A7a_B%E1%BB%89
Phó Bá Long,https://vi.wikipedia.org/wiki/Ph%C3%B3_B%C3%A1_Long
Phùng Đức Luân,https://vi.wikipedia.org/wiki/Ph%C3%B9ng_%C4%90%E1%BB%A9c_Lu%C3%A2n
Pierre Trudeau,https://vi.wikipedia.org/wiki/Pierre_Trudeau
Piet Hein (nhà khoa học),https://vi.wikipedia.org/wiki/Piet_Hein_%28nh%C3%A0_khoa_h%E1%BB%8Dc%29
Piotr Kowalski,https://vi.wikipedia.org/wiki/Piotr_Kowalski
Pita Limjaroenrat,https://vi.wikipedia.org/wiki/Pita_Limjaroenrat
Poul Anderson,https://vi.wikipedia.org/wiki/Poul_Anderson
Priscilla Chan,https://vi.wikipedia.org/wiki/Priscilla_Chan
Quarraisha Abdool Karim,https://vi.wikipedia.org/wiki/Quarraisha_Abdool_Karim
Rachel Carson,https://vi.wikipedia.org/wiki/Rachel_Carson
Rachel Levine,https://vi.wikipedia.org/wiki/Rachel_Levine
Rachel Maddow,https://vi.wikipedia.org/wiki/Rachel_Maddow
Rachel Nichols (diễn viên),https://vi.wikipedia.org/wiki/Rachel_Nichols_%28di%E1%BB%85n_vi%C3%AAn%29
Radhika Coomaraswamy,https://vi.wikipedia.org/wiki/Radhika_Coomaraswamy
Rafael Mandelman,https://vi.wikipedia.org/wiki/Rafael_Mandelman
Rahul Gandhi,https://vi.wikipedia.org/wiki/Rahul_Gandhi
Rainer Weiss,https://vi.wikipedia.org/wiki/Rainer_Weiss
Raj Chetty,https://vi.wikipedia.org/wiki/Raj_Chetty
Ralph Bunche,https://vi.wikipedia.org/wiki/Ralph_Bunche
Ralph Evans (nghệ sĩ vĩ cầm),https://vi.wikipedia.org/wiki/Ralph_Evans_%28ngh%E1%BB%87_s%C4%A9_v%C4%A9_c%E1%BA%A7m%29
Randi Zuckerberg,https://vi.wikipedia.org/wiki/Randi_Zuckerberg
Randy Schekman,https://vi.wikipedia.org/wiki/Randy_Schekman
Rashida Jones,https://vi.wikipedia.org/wiki/Rashida_Jones
Ray Dolby,https://vi.wikipedia.org/wiki/Ray_Dolby
Ray Tomlinson,https://vi.wikipedia.org/wiki/Ray_Tomlinson
Reese Witherspoon,https://vi.wikipedia.org/wiki/Reese_Witherspoon
Reginald Aldworth Daly,https://vi.wikipedia.org/wiki/Reginald_Aldworth_Daly
Reid Hoffman,https://vi.wikipedia.org/wiki/Reid_Hoffman
Ric Flair,https://vi.wikipedia.org/wiki/Ric_Flair
Ric Weiland,https://vi.wikipedia.org/wiki/Ric_Weiland
Rich Gordon,https://vi.wikipedia.org/wiki/Rich_Gordon
Richard Arnold (chính khách),https://vi.wikipedia.org/wiki/Richard_Arnold_%28ch%C3%ADnh_kh%C3%A1ch%29
Richard Axel,https://vi.wikipedia.org/wiki/Richard_Axel
Richard E. Taylor,https://vi.wikipedia.org/wiki/Richard_E._Taylor
Richard Feynman,https://vi.wikipedia.org/wiki/Richard_Feynman
Richard Levins,https://vi.wikipedia.org/wiki/Richard_Levins
Richard R. Schrock,https://vi.wikipedia.org/wiki/Richard_R._Schrock
Richard Rodgers,https://vi.wikipedia.org/wiki/Richard_Rodgers
Richard S. Hamilton,https://vi.wikipedia.org/wiki/Richard_S._Hamilton
Richard Schoen,https://vi.wikipedia.org/wiki/Richard_Schoen
Richard Stallman,https://vi.wikipedia.org/wiki/Richard_Stallman
Rishi Sunak,https://vi.wikipedia.org/wiki/Rishi_Sunak
Roald Hoffmann,https://vi.wikipedia.org/wiki/Roald_Hoffmann
Rob Cohen,https://vi.wikipedia.org/wiki/Rob_Cohen
Rob Sheffield,https://vi.wikipedia.org/wiki/Rob_Sheffield
Robert A. Dahl,https://vi.wikipedia.org/wiki/Robert_A._Dahl
Robert Allen Pease,https://vi.wikipedia.org/wiki/Robert_Allen_Pease
Robert Aumann,https://vi.wikipedia.org/wiki/Robert_Aumann
Robert B. Laughlin,https://vi.wikipedia.org/wiki/Robert_B._Laughlin
Robert Barro,https://vi.wikipedia.org/wiki/Robert_Barro
Robert Benton,https://vi.wikipedia.org/wiki/Robert_Benton
Robert Brout,https://vi.wikipedia.org/wiki/Robert_Brout
Robert Burns Woodward,https://vi.wikipedia.org/wiki/Robert_Burns_Woodward
Robert C. Merton,https://vi.wikipedia.org/wiki/Robert_C._Merton
Robert Emmett Ginna Jr,https://vi.wikipedia.org/wiki/Robert_Emmett_Ginna_Jr
Robert F. Furchgott,https://vi.wikipedia.org/wiki/Robert_F._Furchgott
Robert F. Kennedy,https://vi.wikipedia.org/wiki/Robert_F._Kennedy
Robert Fogel,https://vi.wikipedia.org/wiki/Robert_Fogel
Robert Friend (nhà thơ),https://vi.wikipedia.org/wiki/Robert_Friend_%28nh%C3%A0_th%C6%A1%29
Robert Frost,https://vi.wikipedia.org/wiki/Robert_Frost
Robert Gates,https://vi.wikipedia.org/wiki/Robert_Gates
Robert Gould Shaw,https://vi.wikipedia.org/wiki/Robert_Gould_Shaw
Robert H. Grubbs,https://vi.wikipedia.org/wiki/Robert_H._Grubbs
Robert J. Lang,https://vi.wikipedia.org/wiki/Robert_J._Lang
Robert J. Shiller,https://vi.wikipedia.org/wiki/Robert_J._Shiller
Robert K. Merton,https://vi.wikipedia.org/wiki/Robert_K._Merton
Robert Langlands,https://vi.wikipedia.org/wiki/Robert_Langlands
Robert Lee Wolff,https://vi.wikipedia.org/wiki/Robert_Lee_Wolff
Robert Lefkowitz,https://vi.wikipedia.org/wiki/Robert_Lefkowitz
Robert Lopez,https://vi.wikipedia.org/wiki/Robert_Lopez
Robert Lustig,https://vi.wikipedia.org/wiki/Robert_Lustig
Robert M. Schoch,https://vi.wikipedia.org/wiki/Robert_M._Schoch
Robert MacPherson,https://vi.wikipedia.org/wiki/Robert_MacPherson
Robert Macauley,https://vi.wikipedia.org/wiki/Robert_Macauley
Robert Metcalfe,https://vi.wikipedia.org/wiki/Robert_Metcalfe
Robert Millikan,https://vi.wikipedia.org/wiki/Robert_Millikan
Robert Mundell,https://vi.wikipedia.org/wiki/Robert_Mundell
Robert N. Proctor,https://vi.wikipedia.org/wiki/Robert_N._Proctor
Robert Noyce,https://vi.wikipedia.org/wiki/Robert_Noyce
Robert Oppenheimer,https://vi.wikipedia.org/wiki/Robert_Oppenheimer
Robert Putnam,https://vi.wikipedia.org/wiki/Robert_Putnam
Robert R. Redfield,https://vi.wikipedia.org/wiki/Robert_R._Redfield
Robert S. Mulliken,https://vi.wikipedia.org/wiki/Robert_S._Mulliken
Robert Solow,https://vi.wikipedia.org/wiki/Robert_Solow
Robert Tarjan,https://vi.wikipedia.org/wiki/Robert_Tarjan
Robert Todd Lincoln,https://vi.wikipedia.org/wiki/Robert_Todd_Lincoln
Roberto M. Rey Jr.,https://vi.wikipedia.org/wiki/Roberto_M._Rey_Jr.
Robin Hunicke,https://vi.wikipedia.org/wiki/Robin_Hunicke
Roger D. Kornberg,https://vi.wikipedia.org/wiki/Roger_D._Kornberg
Roger Myerson,https://vi.wikipedia.org/wiki/Roger_Myerson
Roger Y. Tsien,https://vi.wikipedia.org/wiki/Roger_Y._Tsien
Ron DeSantis,https://vi.wikipedia.org/wiki/Ron_DeSantis
Ron Perlman,https://vi.wikipedia.org/wiki/Ron_Perlman
Roy J. Glauber,https://vi.wikipedia.org/wiki/Roy_J._Glauber
Roy Kim,https://vi.wikipedia.org/wiki/Roy_Kim
Rudolf E. Kálmán,https://vi.wikipedia.org/wiki/Rudolf_E._K%C3%A1lm%C3%A1n
Ruth Behar,https://vi.wikipedia.org/wiki/Ruth_Behar
Ruth Lyttle Satter,https://vi.wikipedia.org/wiki/Ruth_Lyttle_Satter
Ruth Porat,https://vi.wikipedia.org/wiki/Ruth_Porat
Saad Hariri,https://vi.wikipedia.org/wiki/Saad_Hariri
Sally Kosgei,https://vi.wikipedia.org/wiki/Sally_Kosgei
Sally Ride,https://vi.wikipedia.org/wiki/Sally_Ride
Sam Altman,https://vi.wikipedia.org/wiki/Sam_Altman
Sam Tsui,https://vi.wikipedia.org/wiki/Sam_Tsui
Samuel Dexter,https://vi.wikipedia.org/wiki/Samuel_Dexter
Samuel Morse,https://vi.wikipedia.org/wiki/Samuel_Morse
Samuel P. Huntington,https://vi.wikipedia.org/wiki/Samuel_P._Huntington
Samuel Stephens Kistler,https://vi.wikipedia.org/wiki/Samuel_Stephens_Kistler
Santiago Peña,https://vi.wikipedia.org/wiki/Santiago_Pe%C3%B1a
Santino Fontana,https://vi.wikipedia.org/wiki/Santino_Fontana
Saul Bellow,https://vi.wikipedia.org/wiki/Saul_Bellow
Saul Perlmutter,https://vi.wikipedia.org/wiki/Saul_Perlmutter
Saunders Mac Lane,https://vi.wikipedia.org/wiki/Saunders_Mac_Lane
Scott Dibble (chính khách),https://vi.wikipedia.org/wiki/Scott_Dibble_%28ch%C3%ADnh_kh%C3%A1ch%29
Sean Patrick Maloney,https://vi.wikipedia.org/wiki/Sean_Patrick_Maloney
Sebastián Piñera,https://vi.wikipedia.org/wiki/Sebasti%C3%A1n_Pi%C3%B1era
Sergey Brin,https://vi.wikipedia.org/wiki/Sergey_Brin
Sewall Wright,https://vi.wikipedia.org/wiki/Sewall_Wright
Shawn Levy,https://vi.wikipedia.org/wiki/Shawn_Levy
Sheldon Lee Glashow,https://vi.wikipedia.org/wiki/Sheldon_Lee_Glashow
Shelton Benjamin,https://vi.wikipedia.org/wiki/Shelton_Benjamin
Sherwin Siy,https://vi.wikipedia.org/wiki/Sherwin_Siy
Sheryl Sandberg,https://vi.wikipedia.org/wiki/Sheryl_Sandberg
Shimon Peres,https://vi.wikipedia.org/wiki/Shimon_Peres
Sid Meier,https://vi.wikipedia.org/wiki/Sid_Meier
Sidney Altman,https://vi.wikipedia.org/wiki/Sidney_Altman
Sidney Lumet,https://vi.wikipedia.org/wiki/Sidney_Lumet
Sidney Sheldon,https://vi.wikipedia.org/wiki/Sidney_Sheldon
Sigourney Weaver,https://vi.wikipedia.org/wiki/Sigourney_Weaver
Simon Kuznets,https://vi.wikipedia.org/wiki/Simon_Kuznets
Sinclair Lewis,https://vi.wikipedia.org/wiki/Sinclair_Lewis
Skyler Samuels,https://vi.wikipedia.org/wiki/Skyler_Samuels
Sonam Dechen Wangchuck (sinh 1981),https://vi.wikipedia.org/wiki/Sonam_Dechen_Wangchuck_%28sinh_1981%29
Sonia M. Johnny,https://vi.wikipedia.org/wiki/Sonia_M._Johnny
Sossina M. Haile,https://vi.wikipedia.org/wiki/Sossina_M._Haile
Sourn Serey Ratha,https://vi.wikipedia.org/wiki/Sourn_Serey_Ratha
Spiro Agnew,https://vi.wikipedia.org/wiki/Spiro_Agnew
Stephanie Murphy,https://vi.wikipedia.org/wiki/Stephanie_Murphy
Stephen Colbert,https://vi.wikipedia.org/wiki/Stephen_Colbert
Stephen LaBerge,https://vi.wikipedia.org/wiki/Stephen_LaBerge
Stephen Smale,https://vi.wikipedia.org/wiki/Stephen_Smale
Stephen Thomas Erlewine,https://vi.wikipedia.org/wiki/Stephen_Thomas_Erlewine
Sterling K. Brown,https://vi.wikipedia.org/wiki/Sterling_K._Brown
Steve Bannon,https://vi.wikipedia.org/wiki/Steve_Bannon
Steve Fossett,https://vi.wikipedia.org/wiki/Steve_Fossett
Steve Zuckerman,https://vi.wikipedia.org/wiki/Steve_Zuckerman
Steven J. Zaloga,https://vi.wikipedia.org/wiki/Steven_J._Zaloga
Steven Weinberg,https://vi.wikipedia.org/wiki/Steven_Weinberg
Stêphanô Chu Thủ Nhân,https://vi.wikipedia.org/wiki/St%C3%AAphan%C3%B4_Chu_Th%E1%BB%A7_Nh%C3%A2n
Sujata Massey,https://vi.wikipedia.org/wiki/Sujata_Massey
Sundar Pichai,https://vi.wikipedia.org/wiki/Sundar_Pichai
Surin Pitsuwan,https://vi.wikipedia.org/wiki/Surin_Pitsuwan
Susan Wojcicki,https://vi.wikipedia.org/wiki/Susan_Wojcicki
Sylvia Tamale,https://vi.wikipedia.org/wiki/Sylvia_Tamale
T. D. Allman,https://vi.wikipedia.org/wiki/T._D._Allman
T. R. Knight,https://vi.wikipedia.org/wiki/T._R._Knight
T. S. Eliot,https://vi.wikipedia.org/wiki/T._S._Eliot
Tantek Çelik,https://vi.wikipedia.org/wiki/Tantek_%C3%87elik
Tasso Takuya,https://vi.wikipedia.org/wiki/Tasso_Takuya
Tatiana Ellinka Blatnik,https://vi.wikipedia.org/wiki/Tatiana_Ellinka_Blatnik
Ted Kaczynski,https://vi.wikipedia.org/wiki/Ted_Kaczynski
Ted Kennedy,https://vi.wikipedia.org/wiki/Ted_Kennedy
Ted Osius,https://vi.wikipedia.org/wiki/Ted_Osius
Terrence Malick,https://vi.wikipedia.org/wiki/Terrence_Malick
Tess Posner,https://vi.wikipedia.org/wiki/Tess_Posner
The Solids,https://vi.wikipedia.org/wiki/The_Solids
Theodore Lyman,https://vi.wikipedia.org/wiki/Theodore_Lyman
Theodore Roosevelt,https://vi.wikipedia.org/wiki/Theodore_Roosevelt
Theodore Roosevelt Jr.,https://vi.wikipedia.org/wiki/Theodore_Roosevelt_Jr.
Theodore William Richards,https://vi.wikipedia.org/wiki/Theodore_William_Richards
Theodosius Dobzhansky,https://vi.wikipedia.org/wiki/Theodosius_Dobzhansky
Thom Mayne,https://vi.wikipedia.org/wiki/Thom_Mayne
Thomas A. Steitz,https://vi.wikipedia.org/wiki/Thomas_A._Steitz
Thomas Friedman,https://vi.wikipedia.org/wiki/Thomas_Friedman
Thomas H. Stack,https://vi.wikipedia.org/wiki/Thomas_H._Stack
Thomas Hunt Morgan,https://vi.wikipedia.org/wiki/Thomas_Hunt_Morgan
Thomas J. Sargent,https://vi.wikipedia.org/wiki/Thomas_J._Sargent
Thomas J. Watson,https://vi.wikipedia.org/wiki/Thomas_J._Watson
Thomas Kuhn,https://vi.wikipedia.org/wiki/Thomas_Kuhn
Thomas Schelling,https://vi.wikipedia.org/wiki/Thomas_Schelling
Thornton Leigh Page,https://vi.wikipedia.org/wiki/Thornton_Leigh_Page
Thorstein Veblen,https://vi.wikipedia.org/wiki/Thorstein_Veblen
Thái Thiếu Đường,https://vi.wikipedia.org/wiki/Th%C3%A1i_Thi%E1%BA%BFu_%C4%90%C6%B0%E1%BB%9Dng
Thái nữ Victoria của Thụy Điển,https://vi.wikipedia.org/wiki/Th%C3%A1i_n%E1%BB%AF_Victoria_c%E1%BB%A7a_Th%E1%BB%A5y_%C4%90i%E1%BB%83n
Thôi Thiên Khải,https://vi.wikipedia.org/wiki/Th%C3%B4i_Thi%C3%AAn_Kh%E1%BA%A3i
Timnit Gebru,https://vi.wikipedia.org/wiki/Timnit_Gebru
Timothy Brook,https://vi.wikipedia.org/wiki/Timothy_Brook
Timothy F. Geithner,https://vi.wikipedia.org/wiki/Timothy_F._Geithner
Timothée Chalamet,https://vi.wikipedia.org/wiki/Timoth%C3%A9e_Chalamet
Tiêu Mỹ Cầm,https://vi.wikipedia.org/wiki/Ti%C3%AAu_M%E1%BB%B9_C%E1%BA%A7m
Tiết Hãn Cần,https://vi.wikipedia.org/wiki/Ti%E1%BA%BFt_H%C3%A3n_C%E1%BA%A7n
Tom Lehrer,https://vi.wikipedia.org/wiki/Tom_Lehrer
Tom Peterson,https://vi.wikipedia.org/wiki/Tom_Peterson
Tom Werner,https://vi.wikipedia.org/wiki/Tom_Werner
Tom Wolf,https://vi.wikipedia.org/wiki/Tom_Wolf
Tommy Lee Jones,https://vi.wikipedia.org/wiki/Tommy_Lee_Jones
Toàn Shinoda,https://vi.wikipedia.org/wiki/To%C3%A0n_Shinoda
Tracy Robinson,https://vi.wikipedia.org/wiki/Tracy_Robinson
Trip Hawkins,https://vi.wikipedia.org/wiki/Trip_Hawkins
Trương Quốc Thanh,https://vi.wikipedia.org/wiki/Tr%C6%B0%C6%A1ng_Qu%E1%BB%91c_Thanh
Trương Thiện Chính,https://vi.wikipedia.org/wiki/Tr%C6%B0%C6%A1ng_Thi%E1%BB%87n_Ch%C3%ADnh
Trương Đình Hùng,https://vi.wikipedia.org/wiki/Tr%C6%B0%C6%A1ng_%C4%90%C3%ACnh_H%C3%B9ng
Trần Công Bác,https://vi.wikipedia.org/wiki/Tr%E1%BA%A7n_C%C3%B4ng_B%C3%A1c
Trần Khánh Viêm,https://vi.wikipedia.org/wiki/Tr%E1%BA%A7n_Kh%C3%A1nh_Vi%C3%AAm
Trần Kiến Nhân,https://vi.wikipedia.org/wiki/Tr%E1%BA%A7n_Ki%E1%BA%BFn_Nh%C3%A2n
Trịnh Hữu Châu,https://vi.wikipedia.org/wiki/Tr%E1%BB%8Bnh_H%E1%BB%AFu_Ch%C3%A2u
Tsakhiagiin Elbegdorj,https://vi.wikipedia.org/wiki/Tsakhiagiin_Elbegdorj
Tshering Tobgay,https://vi.wikipedia.org/wiki/Tshering_Tobgay
Tôn Khoa,https://vi.wikipedia.org/wiki/T%C3%B4n_Khoa
Tập Minh Trạch,https://vi.wikipedia.org/wiki/T%E1%BA%ADp_Minh_Tr%E1%BA%A1ch
Tống Tử Văn,https://vi.wikipedia.org/wiki/T%E1%BB%91ng_T%E1%BB%AD_V%C4%83n
Ursula K. Le Guin,https://vi.wikipedia.org/wiki/Ursula_K._Le_Guin
Utada Hikaru,https://vi.wikipedia.org/wiki/Utada_Hikaru
Vanessa Carlton,https://vi.wikipedia.org/wiki/Vanessa_Carlton
Vanessa Spence,https://vi.wikipedia.org/wiki/Vanessa_Spence
Varian Fry,https://vi.wikipedia.org/wiki/Varian_Fry
Vera Songwe,https://vi.wikipedia.org/wiki/Vera_Songwe
Vernon L. Smith,https://vi.wikipedia.org/wiki/Vernon_L._Smith
Veronica Roth,https://vi.wikipedia.org/wiki/Veronica_Roth
Victor Ambros,https://vi.wikipedia.org/wiki/Victor_Ambros
Vilma Espín,https://vi.wikipedia.org/wiki/Vilma_Esp%C3%ADn
Virginia E. Palmer,https://vi.wikipedia.org/wiki/Virginia_E._Palmer
Vladimir Aleksandrovich Voevodsky,https://vi.wikipedia.org/wiki/Vladimir_Aleksandrovich_Voevodsky
Vũ Hà Văn,https://vi.wikipedia.org/wiki/V%C5%A9_H%C3%A0_V%C4%83n
Vũ Minh Khương,https://vi.wikipedia.org/wiki/V%C5%A9_Minh_Kh%C6%B0%C6%A1ng
Vương Hạo (nhà toán học),https://vi.wikipedia.org/wiki/V%C6%B0%C6%A1ng_H%E1%BA%A1o_%28nh%C3%A0_to%C3%A1n_h%E1%BB%8Dc%29
Vương tôn William xứ Gloucester,https://vi.wikipedia.org/wiki/V%C6%B0%C6%A1ng_t%C3%B4n_William_x%E1%BB%A9_Gloucester
Vụ sát hại Annie Le,https://vi.wikipedia.org/wiki/V%E1%BB%A5_s%C3%A1t_h%E1%BA%A1i_Annie_Le
Wallace Shawn,https://vi.wikipedia.org/wiki/Wallace_Shawn
Walter Gilbert,https://vi.wikipedia.org/wiki/Walter_Gilbert
Walter Houser Brattain,https://vi.wikipedia.org/wiki/Walter_Houser_Brattain
Walter Kohn,https://vi.wikipedia.org/wiki/Walter_Kohn
Warren Beatty,https://vi.wikipedia.org/wiki/Warren_Beatty
Warren Christopher,https://vi.wikipedia.org/wiki/Warren_Christopher
Wassily Leontief,https://vi.wikipedia.org/wiki/Wassily_Leontief
Wayne Hsiung,https://vi.wikipedia.org/wiki/Wayne_Hsiung
Wes Craven,https://vi.wikipedia.org/wiki/Wes_Craven
Whitfield Diffie,https://vi.wikipedia.org/wiki/Whitfield_Diffie
Will Durant,https://vi.wikipedia.org/wiki/Will_Durant
William Chauvenet,https://vi.wikipedia.org/wiki/William_Chauvenet
William Cranch,https://vi.wikipedia.org/wiki/William_Cranch
William Cumming Rose,https://vi.wikipedia.org/wiki/William_Cumming_Rose
William Daniel Phillips,https://vi.wikipedia.org/wiki/William_Daniel_Phillips
William Draper Harkins,https://vi.wikipedia.org/wiki/William_Draper_Harkins
William Edwards Deming,https://vi.wikipedia.org/wiki/William_Edwards_Deming
William Ernest Castle,https://vi.wikipedia.org/wiki/William_Ernest_Castle
William Frederick Poole,https://vi.wikipedia.org/wiki/William_Frederick_Poole
William Howard Stein,https://vi.wikipedia.org/wiki/William_Howard_Stein
William Howard Taft,https://vi.wikipedia.org/wiki/William_Howard_Taft
William J. Duiker,https://vi.wikipedia.org/wiki/William_J._Duiker
William James Beal,https://vi.wikipedia.org/wiki/William_James_Beal
William James Sidis,https://vi.wikipedia.org/wiki/William_James_Sidis
William Lyon Mackenzie King,https://vi.wikipedia.org/wiki/William_Lyon_Mackenzie_King
William Nordhaus,https://vi.wikipedia.org/wiki/William_Nordhaus
William P. Murphy,https://vi.wikipedia.org/wiki/William_P._Murphy
William Perry,https://vi.wikipedia.org/wiki/William_Perry
William Randolph Hearst,https://vi.wikipedia.org/wiki/William_Randolph_Hearst
William Shockley,https://vi.wikipedia.org/wiki/William_Shockley
William Standish Knowles,https://vi.wikipedia.org/wiki/William_Standish_Knowles
William Vickrey,https://vi.wikipedia.org/wiki/William_Vickrey
Wojciech Gerwel,https://vi.wikipedia.org/wiki/Wojciech_Gerwel
Woodrow Wilson,https://vi.wikipedia.org/wiki/Woodrow_Wilson
Włodzimierz Cimoszewicz,https://vi.wikipedia.org/wiki/W%C5%82odzimierz_Cimoszewicz
Yamamoto Isoroku,https://vi.wikipedia.org/wiki/Yamamoto_Isoroku
Yanna McIntosh,https://vi.wikipedia.org/wiki/Yanna_McIntosh
Yanni,https://vi.wikipedia.org/wiki/Yanni
Yevgenia Markovna Albats,https://vi.wikipedia.org/wiki/Yevgenia_Markovna_Albats
Yolanda Bedregal,https://vi.wikipedia.org/wiki/Yolanda_Bedregal
Yusof Ishak,https://vi.wikipedia.org/wiki/Yusof_Ishak
Zak Penn,https://vi.wikipedia.org/wiki/Zak_Penn
Zbigniew Brzezinski,https://vi.wikipedia.org/wiki/Zbigniew_Brzezinski
Zooey Deschanel,https://vi.wikipedia.org/wiki/Zooey_Deschanel
Álvaro Uribe,https://vi.wikipedia.org/wiki/%C3%81lvaro_Uribe
Ángel Lozada,https://vi.wikipedia.org/wiki/%C3%81ngel_Lozada
Ân Dũng,https://vi.wikipedia.org/wiki/%C3%82n_D%C5%A9ng
Đinh Thiện Lý,https://vi.wikipedia.org/wiki/%C4%90inh_Thi%E1%BB%87n_L%C3%BD
Đinh Triệu Trung,https://vi.wikipedia.org/wiki/%C4%90inh_Tri%E1%BB%87u_Trung
Đường Thiệu Nghi,https://vi.wikipedia.org/wiki/%C4%90%C6%B0%E1%BB%9Dng_Thi%E1%BB%87u_Nghi
Đặng Văn Chí,https://vi.wikipedia.org/wiki/%C4%90%E1%BA%B7ng_V%C4%83n_Ch%C3%AD
Đỗ Kim Anh,https://vi.wikipedia.org/wiki/%C4%90%E1%BB%97_Kim_Anh
